<beans:beans xmlns="http://www.springframework.org/schema/security"
	xmlns:beans="http://www.springframework.org/schema/beans" xmlns:xsi="http://www.w3.org/2001/XMLSchema-instance"
	xsi:schemaLocation="http://www.springframework.org/schema/beans
	http://www.springframework.org/schema/beans/spring-beans-3.0.xsd
	http://www.springframework.org/schema/security
	http://www.springframework.org/schema/security/spring-security-3.2.xsd">

	<!-- enable use-expressions -->
	<http auto-config="true" use-expressions="true">
		<intercept-url pattern="/admin**" access="hasRole('ROLE_ADMIN')" />

		<!-- access denied page -->
		<access-denied-handler error-page="/403" />
		<form-login login-page="/login" default-target-url="/welcome"
			authentication-failure-url="/login?error" username-parameter="username"
			password-parameter="password" />
		<logout logout-success-url="/login?logout" />
		<!-- enable csrf protection -->
		<csrf />
	</http>
 
	<beans:bean id="customUserDetailsService"
		class="com.mkyong.users.service.CustomUserDetailsService">
		<beans:property name="usersByUsernameQuery" value="select * from users where username = ?"/>
		<beans:property name="authoritiesByUsernameQuery" value="select username, role from user_roles where username =?" />
		<beans:property name="dataSource" ref="dataSource" />
	</beans:bean>
 	
	<beans:bean id="userDetailsDao" class="com.mkyong.users.dao.UserDetailsDaoImpl" >
		<beans:property name="dataSource" ref="dataSource" />
	</beans:bean>
	
	
	<beans:bean id="authenticationProvider"
		class="com.mkyong.web.handler.LimitLoginAuthenticationProvider">
		<beans:property name="userDetailsService" ref="customUserDetailsService" />
		<beans:property name="userDetailsDao" ref="userDetailsDao" />
	</beans:bean>

	<authentication-manager>
		<authentication-provider ref="authenticationProvider" />
	</authentication-manager>

</beans:beans>
  