<?xml version="1.0" encoding="UTF-8"?>
<configuration>

	<appender name="STDOUT" class="ch.qos.logback.core.ConsoleAppender">
		<layout class="ch.qos.logback.classic.PatternLayout">

			<Pattern>
				%d{HH:mm:ss.SSS} %-5level %logger{36} - %msg%n
			</Pattern>

		</layout>
	</appender>

	<logger name="com.mkyong" level="debug">
		<appender-ref ref="STDOUT" />
	</logger>

	<!-- <logger name="org.hibernate.type" level="ALL" /> <logger name="org.hibernate" 
		level="debug"> <appender-ref ref="STDOUT" /> </logger> -->

	<!-- 
	<logger name="org.springframework" level="debug">
		<appender-ref ref="STDOUT" />
	</logger>

	<logger name="org.hibernate" level="debug">
		<appender-ref ref="STDOUT" />
	</logger>
 	-->
 
	<root level="debug">
		<appender-ref ref="STDOUT" />
	</root>

</configuration>